{
  "controls": {
    "left": {
      "x": 0.03,
      "y": 0.18,
      "scale": 1.0,
      "opacity": 0.8
    },
    "right": {
      "x": 0.14,
      "y": 0.18,
      "scale": 1.0,
      "opacity": 0.8
    },
    "atk1": {
      "x": 0.6517857142857143,
      "y": 0.33181086519114683,
      "scale": 1.0,
      "opacity": 0.8
    },
    "atk2": {
      "x": 0.754453781512605,
      "y": 0.12456740442655924,
      "scale": 1.0,
      "opacity": 0.8
    },
    "jump": {
      "x": 0.8592542016806722,
      "y": 0.34197183098591516,
      "scale": 1.0,
      "opacity": 0.8
    },
    "dodge": {
      "x": 0.7550420168067226,
      "y": 0.5109859154929576,
      "scale": 1.0,
      "opacity": 0.8
    },
    "button_scale": 1.0,
    "button_opacity": 0.8
  },
  "presets": {
    "FREAK": {
      "left": {
        "x": 0.05468487394957983,
        "y": 0.2463983903420523
      },
      "right": {
        "x": 0.20249999999999996,
        "y": 0.24941649899396376
      },
      "atk1": {
        "x": 0.7289915966386554,
        "y": 0.1456941649899396
      },
      "atk2": {
        "x": 0.8300840336134454,
        "y": 0.28754527162977866
      },
      "jump": {
        "x": 0.6551890756302521,
        "y": 0.36209255533199197
      },
      "dodge": {
        "x": 0.7536764705882353,
        "y": 0.485835010060362
      },
      "button_scale": 1.0,
      "button_opacity": 0.8
    },
    "What the helly": {
      "left": {
        "x": 0.05415966386554622,
        "y": 0.3399597585513079,
        "scale": 0.6666666666666666
      },
      "right": {
        "x": 0.19934873949579832,
        "y": 0.33995975855130783,
        "scale": 1.5
      },
      "atk1": {
        "x": 0.7284663865546218,
        "y": 0.25233400402414485,
        "scale": 1.0,
        "opacity": 1.0
      },
      "atk2": {
        "x": 0.8159033613445378,
        "y": 0.13764587525150912,
        "opacity": 0.3125,
        "scale": 0.6190476190476191
      },
      "jump": {
        "x": 0.7985714285714286,
        "y": 0.4737625754527163,
        "scale": 1.5,
        "opacity": 0.3
      },
      "dodge": {
        "x": 0.6743697478991597,
        "y": 0.41742454728370215,
        "scale": 0.5
      },
      "button_scale": 1.0,
      "button_opacity": 0.8
    }
  },
  "active_preset": null,
  "audio": {
    "music_volume": 0.34253145938878893,
    "sfx_volume": 0.6142261807484882
  }
}